Nama Produk,Kategori,Harga (Rp),Berat/Ukuran,Bahan Utama,Keunggulan 1,Keunggulan 2,Keunggulan 3,Target Pembeli,Keyword Pencarian
Frozen Rendang Sapi 300g,Makanan Beku,55000,300g,Daging sapi lokal,Tanpa pengawet,Tahan 3 bulan di freezer,Bumbu rempah asli Padang,Keluarga urban sibuk,rendang frozen halal rumahan
[ISIAN],[ISIAN],[ISIAN],[ISIAN],[ISIAN],[ISIAN],[ISIAN],[ISIAN],[ISIAN],[ISIAN]
[ISIAN],[ISIAN],[ISIAN],[ISIAN],[ISIAN],[ISIAN],[ISIAN],[ISIAN],[ISIAN],[ISIAN]
[ISIAN],[ISIAN],[ISIAN],[ISIAN],[ISIAN],[ISIAN],[ISIAN],[ISIAN],[ISIAN],[ISIAN]
[ISIAN],[ISIAN],[ISIAN],[ISIAN],[ISIAN],[ISIAN],[ISIAN],[ISIAN],[ISIAN],[ISIAN]
[ISIAN],[ISIAN],[ISIAN],[ISIAN],[ISIAN],[ISIAN],[ISIAN],[ISIAN],[ISIAN],[ISIAN]
[ISIAN],[ISIAN],[ISIAN],[ISIAN],[ISIAN],[ISIAN],[ISIAN],[ISIAN],[ISIAN],[ISIAN]
[ISIAN],[ISIAN],[ISIAN],[ISIAN],[ISIAN],[ISIAN],[ISIAN],[ISIAN],[ISIAN],[ISIAN]
[ISIAN],[ISIAN],[ISIAN],[ISIAN],[ISIAN],[ISIAN],[ISIAN],[ISIAN],[ISIAN],[ISIAN]
[ISIAN],[ISIAN],[ISIAN],[ISIAN],[ISIAN],[ISIAN],[ISIAN],[ISIAN],[ISIAN],[ISIAN]
